step,estimate_x,estimate_y,rmse_x,rmse_y,rmse_vx,rmse_vy
0,0.312243,0.58034,0.287757,0.0196602,5.19994,0
1,0.312243,0.58034,0.437515,0.0196827,5.19984,0.00127057
2,1.17209,0.481276,0.358494,0.0705306,4.50658,0.52307
3,1.56293,0.436246,0.323664,0.102403,4.11646,0.642535
4,1.65735,0.619508,0.289599,0.0919514,3.68316,0.80669
5,1.90638,0.683698,0.26438,0.0902527,3.36342,0.897538
6,2.18293,0.666218,0.244926,0.0867951,3.11399,0.879601
7,2.4401,0.706261,0.229223,0.0885502,2.91293,0.864533
8,2.668,0.690352,0.216146,0.0877637,2.74697,0.831645
9,2.91887,0.718348,0.205154,0.0897026,2.6066,0.803391
10,3.07478,0.680455,0.199142,0.0876244,2.48991,0.76923
11,3.30922,0.697055,0.195457,0.0865974,2.38828,0.739064
12,3.73099,0.498562,0.187825,0.0907394,2.29465,0.720963
13,3.99342,0.483033,0.181046,0.0966022,2.21125,0.70616
14,4.28193,0.521663,0.175303,0.0986478,2.13656,0.688175
15,4.54793,0.513543,0.170243,0.101895,2.06901,0.672943
16,4.60326,0.684776,0.169178,0.0989476,2.00968,0.653041
17,4.84165,0.700155,0.169308,0.0962794,1.95539,0.634695
18,5.27099,0.686254,0.164792,0.0937293,1.90335,0.617991
19,5.53405,0.69785,0.160622,0.0913984,1.85529,0.602808
20,5.89226,0.709096,0.158385,0.0892918,1.81217,0.589096
21,6.16762,0.720647,0.156894,0.0874286,1.7721,0.576813
22,6.4011,0.82249,0.154781,0.0862284,1.73394,0.564146
23,6.67101,0.845785,0.153174,0.0851101,1.69824,0.552287
24,6.87521,0.804905,0.150514,0.0834316,1.66403,0.543114
25,7.13652,0.819806,0.148088,0.0819674,1.63183,0.535296
26,7.29031,0.885281,0.14553,0.0804578,1.60168,0.526525
27,7.5375,0.906822,0.143209,0.079008,1.57313,0.51892
28,7.79321,0.842047,0.14101,0.0798169,1.54597,0.518572
29,8.04153,0.852235,0.139007,0.0818046,1.52015,0.51994
30,8.27257,0.853306,0.137471,0.0857473,1.49569,0.523971
31,8.51862,0.862294,0.136159,0.0913546,1.47236,0.529764
32,8.75702,0.944413,0.135222,0.0941893,1.45012,0.530289
33,9.00206,0.963024,0.134501,0.0982952,1.42883,0.532536
34,9.25069,1.00947,0.133888,0.102213,1.40839,0.534118
35,9.4962,1.03175,0.133432,0.107446,1.38879,0.537448
36,9.86819,1.21567,0.131619,0.107141,1.37053,0.532091
37,10.1303,1.2592,0.129911,0.107242,1.35309,0.527894
38,10.3334,1.3672,0.128305,0.106367,1.33581,0.52238
39,10.5878,1.41921,0.126727,0.105751,1.31925,0.517882
40,10.7964,1.46357,0.125483,0.105659,1.30309,0.514903
41,11.0448,1.51457,0.124251,0.106089,1.28755,0.513288
42,11.4143,1.5858,0.123297,0.106594,1.27415,0.512008
43,11.6786,1.63946,0.122718,0.107789,1.26143,0.512243
44,11.8752,1.71489,0.121577,0.10911,1.24815,0.512717
45,12.1306,1.77141,0.120639,0.111311,1.23548,0.514828
46,12.3599,1.80963,0.119638,0.11534,1.22302,0.520045
47,12.6118,1.86375,0.118845,0.120744,1.21113,0.527113
48,12.7519,2.02391,0.11767,0.123157,1.19875,0.528326
49,12.9892,2.09197,0.116516,0.126532,1.18679,0.531174
50,13.1691,2.26188,0.11578,0.127585,1.1751,0.529883
51,13.3988,2.34333,0.115063,0.129276,1.16375,0.529963
52,13.7141,2.50724,0.114001,0.129554,1.15343,0.527681
53,13.955,2.59954,0.113037,0.130293,1.14362,0.526595
54,14.202,2.79498,0.112278,0.129632,1.13445,0.523042
55,14.4437,2.90085,0.111772,0.129193,1.12585,0.520383
56,14.5932,2.96574,0.110796,0.129847,1.11643,0.520494
57,14.8228,3.06622,0.109881,0.131132,1.10747,0.522008
58,15.0416,3.30686,0.109013,0.130458,1.09887,0.519126
59,15.2697,3.42577,0.108271,0.130007,1.09078,0.517167
60,15.5085,3.66204,0.107841,0.128938,1.08344,0.513275
61,15.7381,3.79638,0.107757,0.127905,1.07674,0.50993
62,15.9717,3.95967,0.108228,0.126886,1.07079,0.506662
63,16.2018,4.09781,0.109354,0.125898,1.06559,0.504084
64,16.3904,4.32213,0.110277,0.125137,1.06012,0.500527
65,16.6151,4.47161,0.111932,0.124333,1.05541,0.497468
66,16.7425,4.64267,0.112215,0.123603,1.04927,0.494597
67,16.9544,4.79499,0.112984,0.122806,1.04381,0.492391
68,17.0958,5.05601,0.113026,0.122996,1.03768,0.488949
69,17.2984,5.22262,0.113467,0.123077,1.03222,0.485858
70,17.4138,5.40827,0.113084,0.123289,1.02593,0.48294
71,17.6049,5.57739,0.112951,0.123328,1.02025,0.480531
72,17.7916,5.69631,0.113105,0.12269,1.01517,0.48022
73,17.9822,5.85883,0.113728,0.121933,1.01085,0.480843
74,18.1536,6.08256,0.11459,0.121386,1.00695,0.480188
75,18.3416,6.25313,0.116154,0.120703,1.00395,0.480362
76,18.4005,6.52168,0.116097,0.120673,0.999012,0.478444
77,18.5716,6.70513,0.116417,0.12045,0.994834,0.47711
78,18.66,6.83563,0.116101,0.11973,0.98992,0.478233
79,18.8202,7.01212,0.116072,0.11898,0.985743,0.480215
80,19.0479,7.18648,0.117733,0.118306,0.9841,0.483165
81,19.2169,7.36269,0.120394,0.117837,0.983616,0.486988
82,19.2325,7.67489,0.120836,0.117165,0.980218,0.48632
83,19.3814,7.86899,0.121845,0.116467,0.977779,0.486225
84,19.3661,8.09003,0.121321,0.115782,0.973094,0.485877
85,19.4934,8.28766,0.120979,0.115122,0.969118,0.486064
86,19.5079,8.41197,0.120283,0.115143,0.964243,0.489703
87,19.6203,8.59996,0.119624,0.115673,0.959986,0.493955
88,19.8445,8.83027,0.120169,0.116155,0.958967,0.496862
89,19.9717,9.02383,0.121479,0.117215,0.959199,0.500275
90,20.123,9.31719,0.124402,0.117333,0.961627,0.50044
91,20.2533,9.52387,0.128819,0.117794,0.965613,0.50096
92,20.2903,9.80402,0.132289,0.1177,0.967797,0.499826
93,20.4084,10.0204,0.137241,0.11782,0.971526,0.49893
94,20.3779,10.3324,0.139856,0.117329,0.971852,0.496634
95,20.4764,10.5613,0.14362,0.116896,0.973567,0.494454
96,20.4909,10.8812,0.146628,0.116305,0.974133,0.491905
97,20.5783,11.122,0.150817,0.115724,0.976105,0.48939
98,20.5218,11.3569,0.152967,0.115144,0.975346,0.486915
99,20.5903,11.597,0.156033,0.114572,0.97584,0.48448
100,20.6404,11.8804,0.159786,0.114125,0.977165,0.48215
101,20.7065,12.1262,0.164805,0.113705,0.979943,0.479853
102,20.5886,12.4234,0.166978,0.113694,0.978952,0.478016
103,20.6305,12.6759,0.169989,0.113794,0.979153,0.47623
104,20.6005,12.9136,0.172525,0.113857,0.978774,0.474341
105,20.633,13.1642,0.175979,0.114023,0.979637,0.472528
106,20.4712,13.3134,0.176935,0.113554,0.977286,0.470334
107,20.4781,13.5506,0.178408,0.113085,0.975879,0.468158
108,20.4189,13.8298,0.179516,0.112819,0.974152,0.466117
109,20.4171,14.0726,0.181211,0.112595,0.973439,0.464164
110,20.2942,14.3243,0.181851,0.112496,0.971323,0.462397
111,20.2765,14.5682,0.182965,0.112482,0.97013,0.460779
112,20.0618,14.796,0.18255,0.112429,0.966692,0.459154
113,20.0182,15.0378,0.18231,0.112476,0.963869,0.45772
114,19.9936,15.249,0.182499,0.112377,0.962104,0.45614
115,19.9525,15.4868,0.183102,0.112372,0.961245,0.454779
116,19.9121,15.6543,0.184268,0.112008,0.961412,0.452961
117,19.8711,15.8828,0.186156,0.111681,0.962683,0.451305
118,19.6836,16.0695,0.186817,0.111246,0.961685,0.449526
119,19.6234,16.2925,0.188011,0.110835,0.961619,0.447925
120,19.4291,16.4151,0.188243,0.11048,0.959859,0.446079
121,19.3512,16.6249,0.188865,0.11013,0.958887,0.444257
122,19.1618,16.8364,0.188843,0.109765,0.956795,0.44255
123,19.0693,17.0464,0.189129,0.109383,0.9554,0.441046
124,18.8275,17.3087,0.188644,0.108963,0.952546,0.440639
125,18.7153,17.5256,0.188308,0.108598,0.950211,0.440823
126,18.3967,17.6644,0.18759,0.108173,0.946559,0.440101
127,18.2573,17.871,0.186868,0.107753,0.943124,0.439939
128,18.1557,18.0646,0.18616,0.107348,0.940318,0.440175
129,18.0213,18.2695,0.185503,0.107007,0.937956,0.441188
130,17.893,18.3688,0.184962,0.106631,0.936185,0.44068
131,17.7595,18.5599,0.184587,0.10623,0.934981,0.440836
132,17.5264,18.7315,0.183983,0.10583,0.932867,0.44135
133,17.3797,18.92,0.183494,0.105455,0.931232,0.44276
134,17.2096,19.0169,0.183064,0.105107,0.929753,0.442889
135,17.0599,19.1934,0.182834,0.104723,0.928785,0.443872
136,16.7713,19.2388,0.182218,0.104763,0.926386,0.443091
137,16.6033,19.398,0.181679,0.104672,0.924346,0.442962
138,16.3523,19.5819,0.181038,0.104358,0.92176,0.444258
139,16.1733,19.7443,0.180439,0.103988,0.919468,0.446666
140,15.9655,19.8917,0.179843,0.103624,0.917175,0.449854
141,15.7828,20.0522,0.179318,0.10336,0.915179,0.454421
142,15.5313,20.2007,0.178715,0.10327,0.912747,0.460036
143,15.3395,20.3596,0.178162,0.10358,0.91056,0.467259
144,15.17,20.4855,0.177776,0.104131,0.908893,0.474741
145,14.9811,20.6401,0.17755,0.105415,0.907508,0.48395
146,14.7404,20.718,0.177242,0.106497,0.905729,0.491493
147,14.5447,20.8625,0.177102,0.108468,0.904187,0.500761
148,14.2267,20.8361,0.176588,0.10897,0.90163,0.504934
149,14.0149,20.9581,0.176134,0.110046,0.899215,0.510586
150,13.6652,20.9339,0.175569,0.110166,0.896254,0.512964
151,13.4353,21.0366,0.175006,0.110661,0.893345,0.516621
152,13.165,21.0116,0.174505,0.110541,0.890426,0.518028
153,12.9297,21.0976,0.174004,0.110668,0.887544,0.520572
154,12.7681,21.1323,0.173448,0.110741,0.884964,0.522944
155,12.5425,21.2115,0.17291,0.111173,0.882456,0.526572
156,12.2713,21.2162,0.172358,0.111381,0.879787,0.529337
157,12.0397,21.2857,0.171815,0.11201,0.877168,0.533387
158,11.7559,21.1531,0.171289,0.111694,0.874436,0.533628
159,11.5175,21.196,0.170764,0.111473,0.871735,0.534765
160,11.3137,21.1688,0.170237,0.111161,0.869165,0.535401
161,11.0798,21.2024,0.169722,0.110952,0.866624,0.536986
162,10.8642,21.1086,0.169253,0.11062,0.864185,0.536971
163,10.6327,21.1255,0.168815,0.110286,0.861766,0.537761
164,10.3137,21.1699,0.168305,0.110109,0.859151,0.540147
165,10.0708,21.1904,0.167798,0.110176,0.85656,0.543675
166,9.89727,21.1156,0.167361,0.110004,0.854103,0.545825
167,9.66343,21.1235,0.166948,0.110071,0.851653,0.549056
168,9.47477,21.0263,0.166718,0.109861,0.849382,0.550729
169,9.24687,21.0204,0.16655,0.109848,0.8471,0.553392
170,8.88884,20.9352,0.166067,0.109679,0.844662,0.555153
171,8.64383,20.9189,0.165586,0.109733,0.842265,0.55788
172,8.32624,20.73,0.16519,0.109416,0.840249,0.557933
173,8.07169,20.691,0.164849,0.109118,0.838319,0.558679
174,7.84552,20.5687,0.164486,0.108818,0.836297,0.558706
175,7.59469,20.5188,0.164178,0.108511,0.834367,0.559393
176,7.27644,20.4371,0.164291,0.108209,0.833125,0.560212
177,7.01674,20.383,0.164602,0.10797,0.832036,0.561779
178,6.78112,20.27,0.164964,0.107698,0.830853,0.562912
179,6.52459,20.2081,0.165559,0.107535,0.829838,0.564796
180,6.31798,20.0916,0.166004,0.107338,0.828484,0.566284
181,6.06801,20.0225,0.166668,0.107321,0.827297,0.568525
182,5.83583,19.9028,0.167428,0.107283,0.826109,0.570405
183,5.58821,19.8271,0.168451,0.107522,0.825107,0.573036
184,5.48499,19.6789,0.168573,0.1076,0.823135,0.574788
185,5.25636,19.5936,0.168791,0.107992,0.821274,0.577239
186,5.08647,19.4801,0.168766,0.108551,0.819238,0.579754
187,4.86556,19.3911,0.168809,0.1096,0.817299,0.582987
188,4.74641,19.1702,0.168489,0.109891,0.815144,0.584041
189,4.53888,19.0638,0.168183,0.11051,0.813034,0.585659
190,4.38789,18.9066,0.167773,0.111055,0.810903,0.586856
191,4.1878,18.7935,0.167369,0.111988,0.808802,0.588595
192,4.10106,18.5983,0.166995,0.112542,0.806807,0.589331
193,3.91588,18.4744,0.16664,0.113446,0.804775,0.590537
194,3.61877,18.2749,0.166233,0.114007,0.80287,0.590922
195,3.41886,18.1411,0.165847,0.114885,0.801069,0.591717
196,3.18033,17.901,0.165592,0.115164,0.799641,0.591365
197,2.97534,17.7532,0.165422,0.115648,0.79839,0.591322
198,2.84231,17.692,0.165107,0.11737,0.796792,0.593078
199,2.64679,17.5556,0.16485,0.11967,0.795344,0.595277
200,2.49365,17.2815,0.164539,0.120784,0.793774,0.595469
201,2.3037,17.127,0.164284,0.122247,0.792354,0.595975
202,2.17144,16.9152,0.163944,0.123436,0.790725,0.595971
203,1.98908,16.7532,0.163645,0.124954,0.789231,0.596244
204,1.84094,16.3909,0.163317,0.125015,0.787672,0.594913
205,1.66307,16.2025,0.163036,0.12513,0.786254,0.593675
206,1.46964,16.0435,0.162874,0.125514,0.785113,0.592742
207,1.28974,15.859,0.16282,0.126034,0.784157,0.591959
208,1.14038,15.573,0.162761,0.126037,0.783123,0.590668
209,0.964491,15.3752,0.162834,0.126089,0.78228,0.589456
210,0.761436,15.1073,0.163252,0.125907,0.781928,0.588082
211,0.581972,14.9003,0.163931,0.12574,0.781812,0.58675
212,0.540524,14.698,0.163974,0.125613,0.780572,0.585487
213,0.379209,14.4915,0.16414,0.125522,0.779486,0.584289
214,0.232546,14.2512,0.164371,0.125353,0.778444,0.583024
215,0.0731587,14.0403,0.164765,0.125213,0.777567,0.581814
216,0.138608,13.7701,0.164406,0.124955,0.775774,0.580488
217,0.00878683,13.5514,0.164052,0.124705,0.774004,0.579193
218,-0.149607,13.3133,0.163753,0.124438,0.772336,0.577892
219,-0.283185,13.092,0.163479,0.124178,0.770734,0.57662
220,-0.225898,12.8952,0.163232,0.123975,0.769141,0.575465
221,-0.334377,12.6772,0.163014,0.123801,0.767507,0.574362
222,-0.456718,12.4197,0.162782,0.123566,0.765817,0.573154
223,-0.56702,12.1964,0.162563,0.123346,0.764118,0.571982
224,-0.638284,12.0002,0.162486,0.123224,0.762466,0.570975
225,-0.743452,11.7805,0.16243,0.123151,0.7608,0.57002
226,-0.981979,11.494,0.162078,0.12293,0.75938,0.568825
227,-1.10468,11.2655,0.161722,0.122724,0.758036,0.567659
228,-1.29561,11.0393,0.161459,0.122542,0.757245,0.56653
229,-1.42729,10.8111,0.161272,0.122386,0.756567,0.565431
230,-1.53337,10.5157,0.161099,0.122128,0.755779,0.564209
231,-1.66168,10.2787,0.161023,0.121874,0.755093,0.562998
232,-1.7194,10.1223,0.160814,0.12181,0.75397,0.562063
233,-1.83842,9.89591,0.160672,0.1218,0.75292,0.561162
234,-1.86526,9.68763,0.160368,0.121944,0.751465,0.560409
235,-1.97216,9.4636,0.160085,0.122184,0.750052,0.559691
236,-2.02105,9.04612,0.159753,0.121926,0.748511,0.558589
237,-2.12032,8.79665,0.159427,0.121673,0.746995,0.557484
238,-2.20196,8.54467,0.159098,0.121427,0.74547,0.556384
239,-2.29891,8.29488,0.158773,0.121188,0.743966,0.555282
240,-2.32285,8.08973,0.158466,0.120938,0.742426,0.554129
241,-2.41021,7.84581,0.158163,0.120689,0.740892,0.552983
242,-2.53845,7.6023,0.157838,0.120443,0.739391,0.551845
243,-2.63118,7.35843,0.157514,0.120198,0.737906,0.550714
244,-2.75472,7.09372,0.157211,0.119954,0.736507,0.549593
245,-2.8515,6.84711,0.156921,0.119711,0.735126,0.548478
246,-2.8651,6.71105,0.156611,0.119634,0.733637,0.547625
247,-2.95095,6.47897,0.156303,0.119605,0.732156,0.546781
248,-2.98129,6.23989,0.156071,0.119601,0.730741,0.54591
249,-3.05984,6.00689,0.155856,0.119648,0.729333,0.545047
250,-3.15463,5.67377,0.155624,0.119441,0.727906,0.54396
251,-3.23532,5.42761,0.155403,0.119234,0.726488,0.542881
252,-3.36312,5.14996,0.155117,0.119,0.725052,0.541842
253,-3.45,4.89966,0.154832,0.118766,0.723624,0.540812
254,-3.6018,4.59684,0.154536,0.118578,0.722291,0.539963
255,-3.69721,4.33963,0.154249,0.118414,0.720958,0.539125
256,-3.8791,4.06775,0.154157,0.118321,0.719961,0.538376
257,-3.98589,3.80861,0.154133,0.118276,0.718947,0.537643
258,-4.00522,3.63287,0.153914,0.11807,0.717606,0.536627
259,-4.10051,3.3847,0.153708,0.117871,0.716262,0.535621
260,-4.17741,3.17081,0.153479,0.117647,0.714897,0.534594
261,-4.27028,2.92714,0.153255,0.117424,0.713535,0.533573
262,-4.34722,2.62859,0.153008,0.117275,0.712179,0.532656
263,-4.43799,2.37771,0.15276,0.117147,0.710834,0.531755
264,-4.56317,2.11244,0.152571,0.117086,0.709493,0.53093
265,-4.65847,1.85966,0.152384,0.117064,0.708158,0.530127
266,-4.80098,1.57701,0.152327,0.117219,0.706855,0.529511
267,-4.90249,1.32031,0.152285,0.117457,0.705548,0.52893
268,-4.8654,1.15546,0.152002,0.117382,0.704513,0.52799
269,-4.94868,0.91084,0.151722,0.117325,0.703538,0.527069
270,-4.959,0.731946,0.151573,0.117137,0.703116,0.526099
271,-5.03269,0.495966,0.151511,0.116947,0.702799,0.525131
272,-5.11327,0.258884,0.151535,0.11676,0.702537,0.524169
273,-5.18786,0.0227585,0.151695,0.116576,0.702396,0.523214
274,-5.27782,-0.213208,0.151943,0.116394,0.702245,0.52227
275,-5.35443,-0.449312,0.152372,0.116218,0.702229,0.52134
276,-5.60523,-0.586637,0.152226,0.116043,0.701162,0.520495
277,-5.70475,-0.809751,0.152122,0.115882,0.700163,0.519629
278,-5.83481,-1.13006,0.151983,0.115693,0.699111,0.518762
279,-5.93835,-1.36595,0.151885,0.115515,0.698132,0.517928
280,-6.13701,-1.56373,0.151637,0.115312,0.696924,0.517034
281,-6.25305,-1.79461,0.151399,0.115113,0.695757,0.516166
282,-6.35713,-2.0714,0.151192,0.114987,0.694676,0.515505
283,-6.4716,-2.30832,0.151011,0.114897,0.693666,0.51491
284,-6.67133,-2.50424,0.150749,0.114751,0.692481,0.514182
285,-6.79701,-2.73577,0.150492,0.11463,0.691337,0.513517
286,-6.87224,-3.02236,0.15031,0.114735,0.690434,0.513287
287,-6.99128,-3.26113,0.150169,0.114945,0.689632,0.513176
288,-7.1148,-3.40279,0.150071,0.114874,0.688919,0.512522
289,-7.23444,-3.62879,0.150043,0.114846,0.688331,0.511949
290,-7.41015,-3.70474,0.149928,0.11466,0.687539,0.511076
291,-7.53715,-3.91101,0.149873,0.114476,0.686864,0.510201
292,-7.75334,-4.19171,0.14967,0.114312,0.685871,0.509516
293,-7.89208,-4.40776,0.149492,0.11417,0.684964,0.508917
294,-8.11083,-4.69567,0.149243,0.114294,0.683873,0.508959
295,-8.26009,-4.92118,0.149001,0.114546,0.682841,0.509183
296,-8.37892,-5.12987,0.148811,0.114865,0.68201,0.509436
297,-8.52417,-5.35316,0.148658,0.115357,0.681292,0.509902
298,-8.77057,-5.55216,0.148411,0.1159,0.680256,0.510332
299,-8.92913,-5.77226,0.148171,0.116662,0.679291,0.511004
300,-9.06552,-5.91416,0.147968,0.117129,0.67851,0.511092
301,-9.22116,-6.12398,0.1478,0.117773,0.677845,0.511405
302,-9.34848,-6.1235,0.147757,0.117637,0.677501,0.510598
303,-9.5004,-6.30566,0.147813,0.117515,0.677321,0.509854
304,-9.64125,-6.5174,0.148048,0.117497,0.677414,0.509343
305,-9.79172,-6.70346,0.148464,0.117536,0.677701,0.508992
306,-10.0586,-6.86663,0.148529,0.11757,0.677221,0.508668
307,-10.2244,-7.04968,0.1487,0.117685,0.676883,0.508549
308,-10.5433,-7.25699,0.148514,0.118036,0.675897,0.508906
309,-10.7292,-7.44322,0.148349,0.118572,0.674977,0.509574
310,-11.0416,-7.60486,0.148119,0.119176,0.673892,0.510297
311,-11.2441,-7.78786,0.14789,0.120031,0.672815,0.511388
312,-11.3011,-7.84997,0.147812,0.120367,0.672271,0.511497
313,-11.4844,-8.01707,0.147806,0.120866,0.671848,0.511912
314,-11.6097,-8.03467,0.148147,0.12084,0.672021,0.51142
315,-11.7855,-8.18211,0.148684,0.120873,0.67236,0.51113
316,-12.0143,-8.23009,0.149144,0.12072,0.672379,0.510498
317,-12.1971,-8.36445,0.1498,0.120591,0.672545,0.51003
318,-12.3976,-8.40033,0.150572,0.120403,0.672699,0.509313
319,-12.5827,-8.52174,0.151588,0.120215,0.672996,0.508723
320,-12.9835,-8.6443,0.151653,0.120031,0.672075,0.508327
321,-13.197,-8.76586,0.151764,0.119861,0.671204,0.50818
322,-13.3995,-8.75897,0.151978,0.119734,0.670431,0.507542
323,-13.6116,-8.86364,0.152269,0.119586,0.669719,0.507077
324,-13.8946,-8.97834,0.152349,0.11941,0.668801,0.506921
325,-14.116,-9.08433,0.152472,0.119227,0.667921,0.507088
326,-14.3744,-9.18916,0.152511,0.119056,0.666977,0.507637
327,-14.6006,-9.29499,0.152584,0.118929,0.666063,0.508647
328,-14.9238,-9.25371,0.152431,0.118769,0.66505,0.508603
329,-15.1628,-9.34021,0.152279,0.118591,0.664042,0.508922
330,-15.5116,-9.48474,0.152053,0.11849,0.663196,0.510396
331,-15.765,-9.57886,0.151834,0.118508,0.662334,0.512476
332,-16.0464,-9.64215,0.151658,0.1186,0.661548,0.514732
333,-16.3035,-9.73222,0.151505,0.118924,0.660749,0.517684
334,-16.5038,-9.63596,0.151299,0.118812,0.659801,0.518572
335,-16.7535,-9.70152,0.151099,0.118797,0.658853,0.520006
336,-17.0485,-9.6283,0.150977,0.118627,0.658002,0.520369
337,-17.3041,-9.67562,0.15088,0.11849,0.657153,0.521197
338,-17.5535,-9.66189,0.150797,0.118331,0.656292,0.521851
339,-17.8083,-9.70117,0.15074,0.118225,0.655438,0.523023
340,-18.0257,-9.60959,0.150625,0.118053,0.654515,0.523288
341,-18.2756,-9.63166,0.150524,0.117886,0.653602,0.524003
342,-18.4228,-9.6357,0.150306,0.117737,0.652679,0.52503
343,-18.6591,-9.6554,0.150089,0.117656,0.651752,0.526632
344,-18.9198,-9.60929,0.149879,0.117544,0.650808,0.527967
345,-19.1594,-9.62034,0.149671,0.117539,0.649867,0.529915
346,-19.3574,-9.41177,0.149456,0.117402,0.648944,0.529946
347,-19.5916,-9.39394,0.149244,0.117238,0.648018,0.530374
348,-19.8452,-9.20629,0.14903,0.117362,0.647091,0.529922
349,-20.0819,-9.16613,0.148817,0.117414,0.646174,0.529733
350,-20.2535,-9.31999,0.148636,0.117335,0.645264,0.532168
351,-20.4816,-9.30535,0.148458,0.117417,0.644349,0.535313
352,-20.6891,-9.13593,0.148309,0.117283,0.643439,0.536807
353,-20.9145,-9.10093,0.148163,0.11724,0.64253,0.5389
354,-21.0903,-8.97725,0.148114,0.117129,0.641637,0.540383
355,-21.3091,-8.93059,0.148071,0.117128,0.640736,0.54245
356,-21.5177,-8.87898,0.148055,0.117296,0.639838,0.545076
357,-21.7352,-8.83166,0.148033,0.117745,0.638954,0.548378
358,-21.9637,-8.69635,0.147973,0.118078,0.638118,0.550925
359,-22.1826,-8.63747,0.147891,0.118737,0.637342,0.554119
360,-22.4767,-8.48557,0.147693,0.119229,0.636983,0.556484
361,-22.7055,-8.41445,0.147489,0.120077,0.63679,0.559457
362,-22.9557,-8.06675,0.147309,0.119992,0.636953,0.559599
363,-23.1873,-7.95926,0.147178,0.119984,0.637361,0.560081
364,-23.4432,-7.7339,0.147192,0.119835,0.638288,0.559943
365,-23.678,-7.61091,0.147362,0.11972,0.639549,0.560082
366,-23.7595,-7.43547,0.147251,0.119581,0.639666,0.560108
367,-23.9741,-7.30558,0.147218,0.119485,0.640056,0.560425
368,-24.0855,-7.21115,0.147067,0.119571,0.639925,0.561431
369,-24.2866,-7.08593,0.146968,0.119829,0.640047,0.562829
370,-24.3927,-6.74407,0.146789,0.119675,0.639776,0.562593
371,-24.5813,-6.59036,0.146643,0.119544,0.639747,0.562572
372,-24.5765,-6.4372,0.146512,0.119458,0.638992,0.562796
373,-24.7397,-6.28356,0.146362,0.119449,0.638358,0.563284
374,-25.0031,-6.04298,0.146188,0.11934,0.638512,0.563311
375,-25.1794,-5.87791,0.146059,0.119288,0.639,0.563559
376,-25.2891,-5.68434,0.1459,0.119249,0.639276,0.563801
377,-25.4567,-5.51552,0.1458,0.119302,0.639915,0.564269
378,-25.6024,-5.246,0.145747,0.119206,0.640751,0.564161
379,-25.7671,-5.06393,0.145824,0.119165,0.642035,0.564222
380,-25.8343,-4.88932,0.145782,0.119226,0.642767,0.564518
381,-25.9861,-4.70824,0.145868,0.119409,0.643945,0.565001
382,-26.0611,-4.41974,0.145883,0.119375,0.644795,0.564838
383,-26.2029,-4.22453,0.146051,0.11941,0.646113,0.564801
384,-26.252,-3.88418,0.146095,0.119257,0.646946,0.564176
385,-26.3816,-3.66988,0.1463,0.119111,0.648253,0.563603
386,-26.2993,-3.36969,0.146137,0.118978,0.648139,0.562889
387,-26.4011,-3.1441,0.146016,0.118841,0.648355,0.562195
388,-26.3673,-2.90216,0.145829,0.118714,0.64801,0.5615
389,-26.4512,-2.67442,0.145645,0.118582,0.647947,0.560825
390,-26.5924,-2.56699,0.145567,0.118509,0.648718,0.56065
391,-26.6838,-2.35507,0.145603,0.118489,0.649966,0.560532
392,-26.7315,-2.15559,0.14567,0.118577,0.651256,0.560549
393,-26.8172,-1.94531,0.145926,0.118765,0.653086,0.560614
394,-26.7232,-1.65136,0.145841,0.118778,0.653574,0.560232
395,-26.7853,-1.43007,0.145855,0.118846,0.654498,0.559873
396,-26.7453,-1.18157,0.145758,0.118891,0.654939,0.559412
397,-26.7939,-0.956706,0.145754,0.118987,0.655807,0.558961
398,-26.7984,-0.67559,0.145764,0.118972,0.65671,0.55834
399,-26.8412,-0.443328,0.145927,0.11898,0.658096,0.557721
400,-26.7073,-0.0992124,0.145801,0.118836,0.65831,0.557053
401,-26.7269,0.147759,0.145745,0.11869,0.658904,0.556391
402,-26.6944,0.469407,0.145677,0.118589,0.659457,0.555936
403,-26.7072,0.726198,0.145717,0.118516,0.660433,0.555504
404,-26.7238,1.01508,0.145935,0.118555,0.661925,0.555249
405,-26.737,1.27609,0.146395,0.118662,0.66394,0.555035
406,-26.6053,1.4897,0.146535,0.118697,0.664879,0.554637
407,-26.5995,1.74448,0.146865,0.118787,0.666272,0.554283
408,-26.4971,1.91429,0.147045,0.118717,0.667148,0.553683
409,-26.4786,2.1579,0.147421,0.118668,0.668456,0.553114
410,-26.3736,2.31217,0.147675,0.118527,0.669344,0.552442
411,-26.3437,2.54403,0.148141,0.118387,0.670653,0.551777
412,-26.2109,2.78872,0.148411,0.118258,0.671385,0.551145
413,-26.1674,3.02226,0.148884,0.118136,0.672507,0.550541
414,-26.0047,3.32352,0.149091,0.118145,0.672941,0.550212
415,-25.9455,3.56596,0.149469,0.118211,0.673717,0.549967
416,-25.7958,3.73696,0.149685,0.11816,0.674079,0.5495
417,-25.7248,3.97001,0.150068,0.118143,0.674761,0.549105
418,-25.6931,4.11922,0.150877,0.118023,0.676183,0.548519
419,-25.6272,4.34125,0.152029,0.117914,0.678014,0.547985
420,-25.3388,4.54874,0.152346,0.117804,0.678163,0.547471
421,-25.2437,4.76886,0.152827,0.117712,0.678579,0.54703
422,-25.1023,4.94611,0.153295,0.117592,0.678918,0.546525
423,-25.0011,5.16059,0.153963,0.117486,0.679533,0.546099
424,-24.7367,5.36594,0.15414,0.117392,0.679286,0.545732
425,-24.6141,5.57922,0.154424,0.117327,0.679228,0.545473
426,-24.3366,5.71789,0.154365,0.117201,0.678625,0.545016
427,-24.1936,5.92136,0.154346,0.117089,0.678135,0.544654
428,-23.9948,6.05019,0.154263,0.116953,0.677561,0.544132
429,-23.8444,6.24384,0.154216,0.116817,0.677099,0.543691
430,-23.6747,6.37711,0.154178,0.116694,0.676682,0.543155
431,-23.5218,6.56282,0.154197,0.116564,0.676397,0.542695
432,-23.2209,6.79524,0.154033,0.116445,0.675701,0.542552
433,-23.0485,6.98709,0.153878,0.116354,0.675073,0.542568
434,-22.8032,7.13115,0.153701,0.116242,0.674348,0.542467
435,-22.6212,7.31672,0.153526,0.116163,0.673674,0.542534
436,-22.4677,7.42518,0.15337,0.116037,0.673151,0.542327
437,-22.2895,7.60061,0.153233,0.11593,0.672718,0.542271
438,-22.1457,7.74254